Character,Strength,Special_Ability_Value
Superman,100,3
Batman,85,1
Wonder Woman,95,4
The Flash,70,5
Spider-Man,60,6
Hulk,100,7
Thor,90,8
Captain America,80,2
Iron Man,85,9
Black Widow,70,10
Aquaman,80,11
Green Lantern,80,12
Wolverine,90,13
Storm,75,14
Green Arrow,75,15
Black Panther,85,16
Doctor Strange,85,17
Deadpool,75,18
Supergirl,95,19
Flash (Wally West),70,20
Ant-Man,70,21
Cyborg,75,22
Black Canary,70,23
Shazam,90,24
Beast,80,25
Nightwing,75,26
Rogue,80,27
Scarlet Witch,90,28
Ghost Rider,85,29
Hawkeye,70,30
Daredevil,75,31
Cyclops,80,32
Red Hulk,95,33
Black Bolt,90,34
Wasp,70,35
Wonder Man,80,36
Gamora,85,37
Star-Lord,75,38
Luke Cage,90,39
Colossus,95,40
Gambit,75,41
The Punisher,80,42
Vision,90,43
Doctor Doom,85,44
Hawkgirl,80,45
Swamp Thing,95,46
Martian Manhunter,100,47
Namor,90,48
Silver Surfer,100,49
Supernova,95,50
Emma Frost,85,51
Iceman,80,52
Rorschach,75,53
Jean Grey,90,54
Constantine,75,55
Lobo,100,56
Blade,85,57
Wonder Girl,80,58
Zatanna,90,59
The Atom,75,60
Red Tornado,80,61
Power Girl,95,62
Spawn,90,63
Spectre,100,64
Aquaboy,75,65
Deadshot,80,66
Firestorm,85,67
Rocket Raccoon,70,68
Moon Knight,75,69
Elastigirl,80,70
Nova,90,71
Hank Pym,75,72
Namora,80,73
Starfire,85,74
Vixen,80,75
Blue Beetle,75,76
Raven,90,77
Steel,85,78
Huntress,75,79
Mr. Fantastic,80,80
